0.1,21.939,39.079,0,0.99934
0.6,3.6302,6.4783,0,0.99933
1.1,1.9656,3.5144,0,0.99933
1.6,1.3413,2.4028,0,0.99932
2.1,1.0142,1.8203,0,0.99932
2.6,0.81278,1.4618,0,0.99931
3.1,0.67639,1.2189,0,0.99931
3.6,0.57797,1.0434,0,0.9993
4.1,0.50354,0.91063,0,0.99929
4.6,0.44527,0.80665,0,0.99929
5.1,0.3984,0.72299,0,0.99928
5.6,0.35994,0.65422,0,0.99927
6.1,0.32776,0.59667,0,0.99852
6.6,0.30048,0.54781,0,0.99809
7.1,0.27705,0.50578,0,0.99819
7.6,0.25669,0.46923,0,0.99877
8.1,0.23885,0.43714,0,0.99816
8.6,0.22308,0.40875,0,0.99892
9.1,0.20905,0.38342,0,0.99981
9.6,0.19646,0.36069,0,0.9994
10.1,0.18513,0.34017,0,0.99978
10.6,0.17486,0.32154,0,0.9985
11.1,0.16551,0.30453,0,0.99869
11.6,0.15696,0.28896,0,0.99995
12.1,0.14913,0.27462,0,0.99841
12.6,0.1419,0.26137,0,0.99846
13.1,0.13524,0.24908,0,0.99878
13.6,0.12906,0.23764,0,0.99992
14.1,0.12332,0.22697,0,0.99997
14.6,0.11798,0.21698,0,0.99895
15.1,0.11301,0.20759,0,0.99884
15.6,0.10835,0.19875,0,0.99903
16.1,0.104,0.19041,0,0.9996
16.6,0.099918,0.18252,0,0.99969
17.1,0.096079,0.17503,0,0.99878
17.6,0.09249,0.16793,0,0.99896
18.1,0.089095,0.16116,0,0.999
18.6,0.085913,0.15471,0,0.99926
19.1,0.082908,0.14857,0,0.99905
19.6,0.080071,0.14272,0,0.99999
20.1,0.077404,0.13713,0,0.99998
20.6,0.074885,0.13182,0,0.99937
21.1,0.072502,0.12676,0,0.99977
21.6,0.070256,0.12196,0,0.99994
22.1,0.068131,0.1174,0.026165,1.0003
22.6,0.06612,0.1131,0.055553,1.0006
23.1,0.064215,0.10904,0.098861,1.001
23.6,0.062411,0.10522,0.15724,1.0016
24.1,0.0607,0.10161,0.23088,1.0023
24.6,0.059072,0.098234,0.31956,1.0032
25.1,0.057536,0.09506,0.42271,1.0042
25.6,0.056077,0.09208,0.53975,1.0054
26.1,0.054685,0.089295,0.66955,1.0067
26.6,0.053362,0.086669,0.81158,1.0081
27.1,0.052104,0.084217,0.96484,1.0096
27.6,0.050899,0.081908,1.1286,1.0113
28.1,0.049747,0.079737,1.302,1.013
28.6,0.048656,0.077695,1.4839,1.0148
29.1,0.047618,0.07577,1.674,1.0167
29.6,0.046625,0.07395,1.8719,1.0187
